{"rois": [[158, 240], [268, 390]], "roiRatio": [[0.16458333333333333, 0.4444444444444444], [0.2791666666666667, 0.7222222222222222]]}