{"rois": [[88, 254], [294, 482]], "roiRatio": [[0.09166666666666666, 0.4703703703703704], [0.30625, 0.8925925925925926]]}